ano,populacao,ibge7
2020,7006,3100104
2020,23250,3100203
2020,13444,3100302
2020,3994,3100401
2020,9368,3100500
2020,13523,3100609
2020,1992,3100708
2020,4522,3100807
2020,19247,3100906
2020,13599,3101003
2020,25141,3101102
2020,5976,3101201
2020,2665,3101300
2020,3011,3101409
2020,35401,3101508
2020,80494,3101607
2020,6981,3101631
2020,42143,3101706
2020,7436,3101805
2020,19958,3101904
2020,14517,3102001
2020,5894,3102050
2020,10859,3102100
2020,3844,3102209
2020,15169,3102308
2020,3605,3102407
2020,4678,3102506
2020,41396,3102605
2020,9442,3102704
2020,12206,3102803
2020,8557,3102852
2020,11459,3102902
2020,9275,3103009
2020,1587,3103108
2020,2354,3103207
2020,2059,3103306
2020,36712,3103405
2020,117825,3103504
2020,2787,3103603
2020,8453,3103702
2020,6931,3103751
2020,2835,3103801
2020,9401,3103900
2020,107337,3104007
2020,10883,3104106
2020,40380,3104205
2020,15181,3104304
2020,2704,3104403
2020,5269,3104452
2020,17862,3104502
2020,14270,3104601
2020,12678,3104700
2020,4851,3104809
2020,19199,3104908
2020,7803,3105004
2020,23898,3105103
2020,4766,3105202
2020,5778,3105301
2020,32866,3105400
2020,5354,3105509
2020,138204,3105608
2020,5015,3105707
2020,20897,3105905
2020,10262,3106002
2020,3425,3106101
2020,2521564,3106200
2020,26994,3106309
2020,7719,3106408
2020,11872,3106507
2020,4607,3106606
2020,4764,3106655
2020,444784,3106705
2020,3329,3106804
2020,14554,3106903
2020,2498,3107000
2020,40219,3107109
2020,5089,3107208
2020,50256,3107307
2020,51028,3107406
2020,6459,3107505
2020,4244,3107604
2020,6133,3107703
2020,14862,3107802
2020,10537,3107901
2020,17607,3108008
2020,6860,3108107
2020,5444,3108206
2020,11369,3108255
2020,19614,3108305
2020,14949,3108404
2020,6288,3108503
2020,16748,3108552
2020,32405,3108602
2020,4293,3108701
2020,4769,3108800
2020,14410,3108909
2020,40666,3109006
2020,10991,3109105
2020,10353,3109204
2020,3983,3109253
2020,25013,3109303
2020,28121,3109402
2020,6988,3109451
2020,14075,3109501
2020,3591,3109600
2020,11579,3109709
2020,2706,3109808
2020,11749,3109907
2020,45047,3110004
2020,5541,3110103
2020,3974,3110202
2020,14541,3110301
2020,2869,3110400
2020,21801,3110509
2020,29814,3110608
2020,12812,3110707
2020,3730,3110806
2020,16762,3110905
2020,21054,3111002
2020,19752,3111101
2020,3824,3111150
2020,54186,3111200
2020,11651,3111309
2020,8269,3111408
2020,15563,3111507
2020,28842,3111606
2020,4548,3111705
2020,12201,3111804
2020,5594,3111903
2020,14888,3112000
2020,4551,3112059
2020,5451,3112109
2020,4634,3112208
2020,38057,3112307
2020,6890,3112406
2020,9826,3112505
2020,16234,3112604
2020,5514,3112653
2020,15313,3112703
2020,8663,3112802
2020,9308,3112901
2020,23780,3113008
2020,3166,3113107
2020,25669,3113206
2020,33011,3113305
2020,92603,3113404
2020,9414,3113503
2020,6792,3113602
2020,18674,3113701
2020,2646,3113800
2020,12182,3113909
2020,11511,3114006
2020,14947,3114105
2020,22693,3114204
2020,30334,3114303
2020,21268,3114402
2020,19559,3114501
2020,10066,3114550
2020,4049,3114600
2020,3597,3114709
2020,4461,3114808
2020,2254,3114907
2020,3092,3115003
2020,17740,3115102
2020,3946,3115201
2020,75540,3115300
2020,5421,3115359
2020,3653,3115409
2020,6257,3115458
2020,4965,3115474
2020,21610,3115508
2020,1157,3115607
2020,7046,3115706
2020,10346,3115805
2020,3186,3115904
2020,5699,3116001
2020,15345,3116100
2020,13953,3116159
2020,2671,3116209
2020,6799,3116308
2020,4853,3116407
2020,7514,3116506
2020,28859,3116605
2020,7594,3116704
2020,8841,3116803
2020,3120,3116902
2020,6774,3117009
2020,10322,3117108
2020,2813,3117207
2020,28346,3117306
2020,4578,3117405
2020,17503,3117504
2020,5533,3117603
2020,13684,3117702
2020,11748,3117801
2020,7686,3117836
2020,6800,3117876
2020,12082,3117900
2020,55309,3118007
2020,5046,3118106
2020,6969,3118205
2020,129606,3118304
2020,22949,3118403
2020,1784,3118502
2020,668949,3118601
2020,9128,3118700
2020,26611,3118809
2020,8897,3118908
2020,3542,3119005
2020,23668,3119104
2020,9943,3119203
2020,27966,3119302
2020,110290,3119401
2020,9215,3119500
2020,3090,3119609
2020,3441,3119708
2020,3191,3119807
2020,3694,3119906
2020,6382,3119955
2020,2728,3120003
2020,4423,3120102
2020,6760,3120151
2020,12931,3120201
2020,5982,3120300
2020,5156,3120409
2020,10226,3120508
2020,5054,3120607
2020,3639,3120706
2020,15474,3120805
2020,5005,3120839
2020,7799,3120870
2020,80616,3120904
2020,5421,3121001
2020,8016,3121100
2020,7131,3121209
2020,10768,3121258
2020,5029,3121308
2020,7255,3121407
2020,2884,3121506
2020,47825,3121605
2020,3790,3121704
2020,7609,3121803
2020,3424,3121902
2020,19976,3122009
2020,4974,3122108
2020,7614,3122207
2020,240408,3122306
2020,6868,3122355
2020,6025,3122405
2020,11211,3122454
2020,3655,3122470
2020,5048,3122504
2020,4451,3122603
2020,5232,3122702
2020,2997,3122801
2020,6619,3122900
2020,10223,3123007
2020,5154,3123106
2020,13427,3123205
2020,4230,3123304
2020,1533,3123403
2020,1912,3123502
2020,7870,3123528
2020,28320,3123601
2020,11202,3123700
2020,7241,3123809
2020,5377,3123858
2020,15380,3123908
2020,18958,3124005
2020,71551,3124104
2020,25122,3124203
2020,31610,3124302
2020,4710,3124401
2020,11386,3124500
2020,2325,3124609
2020,3491,3124708
2020,8018,3124807
2020,11330,3124906
2020,3923,3125002
2020,36951,3125101
2020,2376,3125200
2020,3221,3125309
2020,4704,3125408
2020,3173,3125507
2020,7504,3125606
2020,15433,3125705
2020,3466,3125804
2020,9696,3125903
2020,11054,3125952
2020,7533,3126000
2020,67822,3126109
2020,9688,3126208
2020,4437,3126307
2020,2967,3126406
2020,10321,3126505
2020,5242,3126604
2020,26369,3126703
2020,5338,3126752
2020,5869,3126802
2020,9664,3126901
2020,3487,3126950
2020,18492,3127008
2020,4561,3127057
2020,5299,3127073
2020,60012,3127107
2020,4392,3127206
2020,6790,3127305
2020,5096,3127339
2020,3164,3127354
2020,3378,3127370
2020,3990,3127388
2020,4355,3127404
2020,6171,3127503
2020,11818,3127602
2020,281046,3127701
2020,15890,3127800
2020,1387,3127909
2020,34573,3128006
2020,14258,3128105
2020,10315,3128204
2020,4989,3128253
2020,19017,3128303
2020,8918,3128402
2020,3775,3128501
2020,6569,3128600
2020,52078,3128709
2020,7051,3128808
2020,8105,3128907
2020,8343,3129004
2020,5577,3129103
2020,6591,3129202
2020,11045,3129301
2020,5010,3129400
2020,25358,3129509
2020,8437,3129608
2020,5369,3129657
2020,13986,3129707
2020,182153,3129806
2020,3492,3129905
2020,2996,3130002
2020,12097,3130051
2020,43817,3130101
2020,11005,3130200
2020,7923,3130309
2020,6610,3130408
2020,12444,3130507
2020,6940,3130556
2020,7358,3130606
2020,7339,3130655
2020,6951,3130705
2020,2776,3130804
2020,24079,3130903
2020,6312,3131000
2020,7560,3131109
2020,18769,3131158
2020,20000,3131208
2020,265409,3131307
2020,4225,3131406
2020,10118,3131505
2020,7027,3131604
2020,120904,3131703
2020,11576,3131802
2020,52446,3131901
2020,5417,3132008
2020,18164,3132107
2020,13435,3132206
2020,12836,3132305
2020,97334,3132404
2020,34936,3132503
2020,4375,3132602
2020,23209,3132701
2020,2056,3132800
2020,10157,3132909
2020,15714,3133006
2020,15423,3133105
2020,12244,3133204
2020,21029,3133303
2020,15379,3133402
2020,21761,3133501
2020,9881,3133600
2020,11252,3133709
2020,16199,3133758
2020,93847,3133808
2020,5369,3133907
2020,15022,3134004
2020,6063,3134103
2020,105255,3134202
2020,6000,3134301
2020,39690,3134400
2020,3768,3134509
2020,20418,3134608
2020,12323,3134707
2020,7691,3134806
2020,26264,3134905
2020,3142,3135001
2020,39388,3135050
2020,5429,3135076
2020,72018,3135100
2020,67852,3135209
2020,4384,3135308
2020,7982,3135357
2020,4852,3135407
2020,7738,3135456
2020,12315,3135506
2020,7468,3135605
2020,5207,3135704
2020,25474,3135803
2020,4780,3135902
2020,15455,3136009
2020,4476,3136108
2020,80416,3136207
2020,47726,3136306
2020,4727,3136405
2020,10842,3136504
2020,4487,3136520
2020,5050,3136553
2020,4889,3136579
2020,5732,3136603
2020,27392,3136652
2020,573285,3136702
2020,4345,3136801
2020,10681,3136900
2020,5715,3136959
2020,18193,3137007
2020,7600,3137106
2020,52711,3137205
2020,4082,3137304
2020,13063,3137403
2020,18111,3137502
2020,9608,3137536
2020,65657,3137601
2020,19918,3137700
2020,20907,3137809
2020,3379,3137908
2020,6833,3138005
2020,6503,3138104
2020,104783,3138203
2020,3226,3138302
2020,4920,3138351
2020,52640,3138401
2020,5031,3138500
2020,16724,3138609
2020,7589,3138625
2020,9714,3138658
2020,6258,3138674
2020,6718,3138682
2020,5438,3138708
2020,18257,3138807
2020,7111,3138906
2020,42413,3139003
2020,5109,3139102
2020,18602,3139201
2020,6554,3139250
2020,18226,3139300
2020,91169,3139409
2020,22802,3139508
2020,27647,3139607
2020,8046,3139706
2020,12901,3139805
2020,14056,3139904
2020,61288,3140001
2020,4097,3140100
2020,15619,3140159
2020,2987,3140209
2020,4034,3140308
2020,2728,3140407
2020,13443,3140506
2020,8531,3140530
2020,8644,3140555
2020,4436,3140605
2020,31364,3140704
2020,14548,3140803
2020,11260,3140852
2020,19005,3140902
2020,12412,3141009
2020,38151,3141108
2020,3741,3141207
2020,3832,3141306
2020,20759,3141405
2020,6446,3141504
2020,10758,3141603
2020,5546,3141702
2020,31497,3141801
2020,3893,3141900
2020,13620,3142007
2020,10787,3142106
2020,15111,3142205
2020,4914,3142254
2020,4934,3142304
2020,7554,3142403
2020,2202,3142502
2020,8727,3142601
2020,14747,3142700
2020,21236,3142809
2020,20696,3142908
2020,13152,3143005
2020,47931,3143104
2020,4923,3143153
2020,21513,3143203
2020,413487,3143302
2020,24029,3143401
2020,8315,3143450
2020,8910,3143500
2020,2437,3143609
2020,3153,3143708
2020,5994,3143807
2020,109392,3143906
2020,26961,3144003
2020,20545,3144102
2020,3220,3144201
2020,40665,3144300
2020,7051,3144359
2020,3308,3144375
2020,4728,3144409
2020,8660,3144508
2020,26826,3144607
2020,10326,3144656
2020,3128,3144672
2020,17551,3144706
2020,96157,3144805
2020,3573,3144904
2020,15800,3145000
2020,7497,3145059
2020,16832,3145109
2020,105520,3145208
2020,31335,3145307
2020,10778,3145356
2020,5324,3145372
2020,1720,3145406
2020,6171,3145455
2020,2809,3145505
2020,41840,3145604
2020,2130,3145703
2020,3152,3145802
2020,4663,3145851
2020,8079,3145877
2020,39867,3145901
2020,33791,3146008
2020,74558,3146107
2020,5914,3146206
2020,6423,3146255
2020,20252,3146305
2020,4462,3146404
2020,8296,3146503
2020,6094,3146552
2020,1523,3146602
2020,6611,3146701
2020,5349,3146750
2020,15800,3146909
2020,93862,3147006
2020,94808,3147105
2020,21605,3147204
2020,21221,3147303
2020,24700,3147402
2020,1633,3147501
2020,16393,3147600
2020,8057,3147709
2020,2031,3147808
2020,115337,3147907
2020,6002,3147956
2020,153585,3148004
2020,91449,3148103
2020,5715,3148202
2020,9584,3148301
2020,4812,3148400
2020,8419,3148509
2020,17537,3148608
2020,24329,3148707
2020,7128,3148756
2020,3005,3148806
2020,3974,3148905
2020,2532,3149002
2020,11146,3149101
2020,12212,3149150
2020,3643,3149200
2020,64712,3149309
2020,1806,3149408
2020,3330,3149507
2020,4432,3149606
2020,11755,3149705
2020,16321,3149804
2020,21485,3149903
2020,6773,3149952
2020,4256,3150000
2020,2733,3150109
2020,8702,3150158
2020,4140,3150208
2020,4466,3150307
2020,5009,3150406
2020,8688,3150505
2020,4986,3150539
2020,7524,3150570
2020,6398,3150604
2020,6348,3150703
2020,17634,3150802
2020,5488,3150901
2020,8640,3151008
2020,10772,3151107
2020,56640,3151206
2020,10759,3151305
2020,28215,3151404
2020,34918,3151503
2020,12292,3151602
2020,16846,3151701
2020,168641,3151800
2020,8359,3151909
2020,32035,3152006
2020,59875,3152105
2020,4283,3152131
2020,12179,3152170
2020,37864,3152204
2020,11348,3152303
2020,16616,3152402
2020,152549,3152501
2020,5900,3152600
2020,9080,3152709
2020,28017,3152808
2020,8566,3152907
2020,3631,3153004
2020,5341,3153103
2020,3606,3153202
2020,3001,3153301
2020,19627,3153400
2020,8301,3153509
2020,10834,3153608
2020,3584,3153707
2020,1943,3153806
2020,16429,3153905
2020,23711,3154002
2020,10520,3154101
2020,7201,3154150
2020,11540,3154200
2020,17396,3154309
2020,4817,3154408
2020,8134,3154457
2020,9476,3154507
2020,338197,3154606
2020,4047,3154705
2020,10420,3154804
2020,13473,3154903
2020,2620,3155009
2020,5133,3155108
2020,5402,3155207
2020,5879,3155306
2020,8957,3155405
2020,12335,3155504
2020,31045,3155603
2020,14332,3155702
2020,17959,3155801
2020,5485,3155900
2020,12739,3156007
2020,4562,3156106
2020,2320,3156205
2020,8224,3156304
2020,3520,3156403
2020,4622,3156452
2020,5798,3156502
2020,10256,3156601
2020,137125,3156700
2020,15416,3156809
2020,26374,3156908
2020,41699,3157005
2020,7012,3157104
2020,31604,3157203
2020,8181,3157252
2020,3182,3157278
2020,4407,3157302
2020,8664,3157336
2020,4107,3157377
2020,4725,3157401
2020,4381,3157500
2020,3826,3157609
2020,6386,3157658
2020,14255,3157708
2020,220444,3157807
2020,16302,3157906
2020,10857,3158003
2020,5217,3158102
2020,14611,3158201
2020,7073,3158300
2020,3891,3158409
2020,7589,3158508
2020,3981,3158607
2020,2476,3158706
2020,4834,3158805
2020,8667,3158904
2020,35369,3158953
2020,4315,3159001
2020,3765,3159100
2020,8924,3159209
2020,4863,3159308
2020,7268,3159357
2020,3402,3159407
2020,5457,3159506
2020,43753,3159605
2020,3357,3159704
2020,19872,3159803
2020,18613,3159902
2020,3602,3160009
2020,3886,3160108
2020,3799,3160207
2020,11604,3160306
2020,28427,3160405
2020,7297,3160454
2020,1760,3160504
2020,3065,3160603
2020,46421,3160702
2020,5349,3160801
2020,3754,3160900
2020,5658,3160959
2020,17327,3161007
2020,3362,3161056
2020,56477,3161106
2020,6520,3161205
2020,6274,3161304
2020,4800,3161403
2020,12562,3161502
2020,3910,3161601
2020,4059,3161650
2020,8459,3161700
2020,12597,3161809
2020,11019,3161908
2020,25561,3162005
2020,35782,3162104
2020,7498,3162203
2020,4932,3162252
2020,2746,3162302
2020,25098,3162401
2020,13125,3162450
2020,90497,3162500
2020,11674,3162559
2020,5918,3162575
2020,7444,3162609
2020,4448,3162658
2020,23709,3162708
2020,15767,3162807
2020,26447,3162906
2020,32148,3162922
2020,7480,3162948
2020,24135,3162955
2020,4280,3163003
2020,5079,3163102
2020,4210,3163201
2020,3856,3163300
2020,5387,3163409
2020,6431,3163508
2020,2806,3163607
2020,46202,3163706
2020,6944,3163805
2020,4610,3163904
2020,7706,3164001
2020,5202,3164100
2020,12529,3164209
2020,7076,3164308
2020,5552,3164407
2020,3024,3164431
2020,6627,3164472
2020,9963,3164506
2020,6863,3164605
2020,71445,3164704
2020,1492,3164803
2020,2250,3164902
2020,10960,3165008
2020,7000,3165107
2020,7120,3165206
2020,7815,3165305
2020,6989,3165404
2020,6361,3165503
2020,33413,3165537
2020,12378,3165552
2020,2606,3165560
2020,5361,3165578
2020,2003,3165602
2020,7858,3165701
2020,1461,3165800
2020,4105,3165909
2020,5786,3166006
2020,3519,3166105
2020,10467,3166204
2020,7333,3166303
2020,1854,3166402
2020,4292,3166501
2020,776,3166600
2020,8713,3166709
2020,11668,3166808
2020,7668,3166907
2020,4809,3166956
2020,1956,3167004
2020,20940,3167103
2020,241835,3167202
2020,2264,3167301
2020,6248,3167400
2020,2618,3167509
2020,19736,3167608
2020,5514,3167707
2020,6189,3167806
2020,3708,3167905
2020,34397,3168002
2020,3101,3168051
2020,4832,3168101
2020,1872,3168200
2020,4099,3168309
2020,14302,3168408
2020,11670,3168507
2020,140937,3168606
2020,90568,3168705
2020,8072,3168804
2020,6424,3168903
2020,16715,3169000
2020,4109,3169059
2020,6297,3169109
2020,7850,3169208
2020,80032,3169307
2020,32716,3169356
2020,56940,3169406
2020,6765,3169505
2020,25398,3169604
2020,20125,3169703
2020,5070,3169802
2020,116797,3169901
2020,12599,3170008
2020,12493,3170057
2020,337092,3170107
2020,699097,3170206
2020,2596,3170305
2020,84930,3170404
2020,4284,3170438
2020,3260,3170479
2020,10345,3170503
2020,17173,3170529
2020,6470,3170578
2020,2148,3170602
2020,5026,3170651
2020,136602,3170701
2020,7138,3170750
2020,39803,3170800
2020,19305,3170909
2020,20642,3171006
2020,9443,3171030
2020,5727,3171071
2020,4045,3171105
2020,4846,3171154
2020,129765,3171204
2020,79388,3171303
2020,3589,3171402
2020,3179,3171501
2020,13740,3171600
2020,8663,3171709
2020,10484,3171808
2020,5340,3171907
2020,42965,3172004
2020,5261,3172103
2020,2548,3172202
2021,7022,3100104
2021,23263,3100203
2021,13434,3100302
2021,3995,3100401
2021,9270,3100500
2021,13319,3100609
2021,1986,3100708
2021,4557,3100807
2021,19285,3100906
2021,13656,3101003
2021,25116,3101102
2021,5949,3101201
2021,2657,3101300
2021,3015,3101409
2021,35438,3101508
2021,80973,3101607
2021,7052,3101631
2021,42380,3101706
2021,7448,3101805
2021,20059,3101904
2021,14566,3102001
2021,5938,3102050
2021,10723,3102100
2021,3783,3102209
2021,15135,3102308
2021,3605,3102407
2021,4643,3102506
2021,41704,3102605
2021,9470,3102704
2021,12189,3102803
2021,8594,3102852
2021,11471,3102902
2021,9233,3103009
2021,1577,3103108
2021,2360,3103207
2021,2056,3103306
2021,36715,3103405
2021,118361,3103504
2021,2779,3103603
2021,8467,3103702
2021,6992,3103751
2021,2836,3103801
2021,9523,3103900
2021,108403,3104007
2021,10990,3104106
2021,40658,3104205
2021,15288,3104304
2021,2681,3104403
2021,5305,3104452
2021,17850,3104502
2021,14358,3104601
2021,12496,3104700
2021,4833,3104809
2021,19249,3104908
2021,7780,3105004
2021,23964,3105103
2021,4738,3105202
2021,5808,3105301
2021,33232,3105400
2021,5311,3105509
2021,139061,3105608
2021,4905,3105707
2021,20981,3105905
2021,10269,3106002
2021,3422,3106101
2021,2530701,3106200
2021,27277,3106309
2021,7723,3106408
2021,11813,3106507
2021,4609,3106606
2021,4792,3106655
2021,450024,3106705
2021,3282,3106804
2021,14612,3106903
2021,2482,3107000
2021,40308,3107109
2021,5088,3107208
2021,50521,3107307
2021,51436,3107406
2021,6444,3107505
2021,4270,3107604
2021,6182,3107703
2021,14792,3107802
2021,10527,3107901
2021,17612,3108008
2021,6852,3108107
2021,5397,3108206
2021,11502,3108255
2021,19809,3108305
2021,14927,3108404
2021,6259,3108503
2021,16950,3108552
2021,32460,3108602
2021,4255,3108701
2021,4737,3108800
2021,14364,3108909
2021,41208,3109006
2021,10982,3109105
2021,10342,3109204
2021,3984,3109253
2021,25179,3109303
2021,28184,3109402
2021,7025,3109451
2021,14074,3109501
2021,3580,3109600
2021,11609,3109709
2021,2720,3109808
2021,11869,3109907
2021,45364,3110004
2021,5584,3110103
2021,3961,3110202
2021,14600,3110301
2021,2839,3110400
2021,21831,3110509
2021,30068,3110608
2021,12810,3110707
2021,3739,3110806
2021,16855,3110905
2021,21052,3111002
2021,19759,3111101
2021,3830,3111150
2021,54338,3111200
2021,11648,3111309
2021,8383,3111408
2021,15661,3111507
2021,28908,3111606
2021,4533,3111705
2021,12251,3111804
2021,5585,3111903
2021,14890,3112000
2021,4575,3112059
2021,5464,3112109
2021,4616,3112208
2021,38321,3112307
2021,6860,3112406
2021,9896,3112505
2021,16294,3112604
2021,5559,3112653
2021,15388,3112703
2021,8693,3112802
2021,9318,3112901
2021,23872,3113008
2021,3150,3113107
2021,25831,3113206
2021,33022,3113305
2021,93124,3113404
2021,9423,3113503
2021,6826,3113602
2021,18516,3113701
2021,2660,3113800
2021,12193,3113909
2021,11546,3114006
2021,15031,3114105
2021,22900,3114204
2021,30339,3114303
2021,21310,3114402
2021,19756,3114501
2021,10103,3114550
2021,4052,3114600
2021,3614,3114709
2021,4445,3114808
2021,2251,3114907
2021,3108,3115003
2021,17741,3115102
2021,3939,3115201
2021,75942,3115300
2021,5465,3115359
2021,3665,3115409
2021,6206,3115458
2021,4944,3115474
2021,21566,3115508
2021,1150,3115607
2021,7059,3115706
2021,10343,3115805
2021,3216,3115904
2021,5695,3116001
2021,15334,3116100
2021,14217,3116159
2021,2657,3116209
2021,6811,3116308
2021,4873,3116407
2021,7478,3116506
2021,29093,3116605
2021,7631,3116704
2021,8810,3116803
2021,3128,3116902
2021,6624,3117009
2021,10351,3117108
2021,2814,3117207
2021,28782,3117306
2021,4581,3117405
2021,17438,3117504
2021,5558,3117603
2021,13729,3117702
2021,11852,3117801
2021,7730,3117836
2021,6867,3117876
2021,12209,3117900
2021,55836,3118007
2021,5047,3118106
2021,6997,3118205
2021,130584,3118304
2021,22975,3118403
2021,1786,3118502
2021,673849,3118601
2021,9099,3118700
2021,26620,3118809
2021,8903,3118908
2021,3546,3119005
2021,23607,3119104
2021,9897,3119203
2021,27958,3119302
2021,110709,3119401
2021,9209,3119500
2021,3095,3119609
2021,3448,3119708
2021,3168,3119807
2021,3685,3119906
2021,6425,3119955
2021,2688,3120003
2021,4436,3120102
2021,6814,3120151
2021,13060,3120201
2021,5992,3120300
2021,5161,3120409
2021,10211,3120508
2021,5072,3120607
2021,3651,3120706
2021,15529,3120805
2021,5026,3120839
2021,7867,3120870
2021,81085,3120904
2021,5431,3121001
2021,8007,3121100
2021,7146,3121209
2021,10994,3121258
2021,5044,3121308
2021,7266,3121407
2021,2867,3121506
2021,47924,3121605
2021,3779,3121704
2021,7493,3121803
2021,3430,3121902
2021,20020,3122009
2021,4969,3122108
2021,7655,3122207
2021,242505,3122306
2021,6946,3122355
2021,6039,3122405
2021,11396,3122454
2021,3635,3122470
2021,5025,3122504
2021,4436,3122603
2021,5227,3122702
2021,2992,3122801
2021,6664,3122900
2021,10291,3123007
2021,5139,3123106
2021,13373,3123205
2021,4202,3123304
2021,1539,3123403
2021,1915,3123502
2021,7898,3123528
2021,28556,3123601
2021,11268,3123700
2021,7240,3123809
2021,5383,3123858
2021,15458,3123908
2021,19019,3124005
2021,72512,3124104
2021,25287,3124203
2021,31603,3124302
2021,4728,3124401
2021,11416,3124500
2021,2308,3124609
2021,3483,3124708
2021,8057,3124807
2021,11383,3124906
2021,3932,3125002
2021,37649,3125101
2021,2374,3125200
2021,3202,3125309
2021,4656,3125408
2021,3178,3125507
2021,7548,3125606
2021,15528,3125705
2021,3500,3125804
2021,9576,3125903
2021,11100,3125952
2021,7602,3126000
2021,67956,3126109
2021,9810,3126208
2021,4460,3126307
2021,2986,3126406
2021,10311,3126505
2021,5268,3126604
2021,26459,3126703
2021,5287,3126752
2021,5858,3126802
2021,9716,3126901
2021,3496,3126950
2021,18866,3127008
2021,4542,3127057
2021,5232,3127073
2021,60508,3127107
2021,4434,3127206
2021,6764,3127305
2021,5084,3127339
2021,3177,3127354
2021,3402,3127370
2021,4014,3127388
2021,4360,3127404
2021,6184,3127503
2021,11811,3127602
2021,282164,3127701
2021,15943,3127800
2021,1386,3127909
2021,34818,3128006
2021,14269,3128105
2021,10307,3128204
2021,5005,3128253
2021,19014,3128303
2021,8926,3128402
2021,3755,3128501
2021,6558,3128600
2021,52234,3128709
2021,7026,3128808
2021,8168,3128907
2021,8296,3129004
2021,5516,3129103
2021,6623,3129202
2021,11085,3129301
2021,4999,3129400
2021,25511,3129509
2021,8478,3129608
2021,5340,3129657
2021,14128,3129707
2021,184030,3129806
2021,3497,3129905
2021,3003,3130002
2021,12200,3130051
2021,44561,3130101
2021,11146,3130200
2021,7901,3130309
2021,6667,3130408
2021,12511,3130507
2021,6976,3130556
2021,7387,3130606
2021,7328,3130655
2021,7009,3130705
2021,2785,3130804
2021,24020,3130903
2021,6352,3131000
2021,7605,3131109
2021,18926,3131158
2021,20133,3131208
2021,267333,3131307
2021,4229,3131406
2021,10156,3131505
2021,7067,3131604
2021,121717,3131703
2021,11637,3131802
2021,52996,3131901
2021,5447,3132008
2021,18175,3132107
2021,13510,3132206
2021,12910,3132305
2021,97782,3132404
2021,35130,3132503
2021,4395,3132602
2021,23207,3132701
2021,2032,3132800
2021,10122,3132909
2021,15844,3133006
2021,15511,3133105
2021,12259,3133204
2021,20997,3133303
2021,15511,3133402
2021,21760,3133501
2021,9976,3133600
2021,11354,3133709
2021,16286,3133758
2021,94455,3133808
2021,5321,3133907
2021,15053,3134004
2021,6074,3134103
2021,105818,3134202
2021,5978,3134301
2021,40101,3134400
2021,3749,3134509
2021,20683,3134608
2021,12320,3134707
2021,7695,3134806
2021,26538,3134905
2021,3151,3135001
2021,39850,3135050
2021,5453,3135076
2021,72374,3135100
2021,67958,3135209
2021,4418,3135308
2021,7991,3135357
2021,4795,3135407
2021,7781,3135456
2021,12246,3135506
2021,7407,3135605
2021,5203,3135704
2021,25555,3135803
2021,4774,3135902
2021,15476,3136009
2021,4382,3136108
2021,80903,3136207
2021,47990,3136306
2021,4757,3136405
2021,10872,3136504
2021,4474,3136520
2021,5104,3136553
2021,4911,3136579
2021,5739,3136603
2021,27823,3136652
2021,577532,3136702
2021,4359,3136801
2021,10795,3136900
2021,5706,3136959
2021,18272,3137007
2021,7588,3137106
2021,53236,3137205
2021,4062,3137304
2021,13115,3137403
2021,18168,3137502
2021,9681,3137536
2021,66744,3137601
2021,19914,3137700
2021,20995,3137809
2021,3366,3137908
2021,6856,3138005
2021,6494,3138104
2021,105756,3138203
2021,3222,3138302
2021,4923,3138351
2021,52690,3138401
2021,4994,3138500
2021,16749,3138609
2021,7640,3138625
2021,9766,3138658
2021,6249,3138674
2021,6735,3138682
2021,5431,3138708
2021,18297,3138807
2021,7112,3138906
2021,42682,3139003
2021,5119,3139102
2021,18556,3139201
2021,6565,3139250
2021,18051,3139300
2021,92074,3139409
2021,22894,3139508
2021,27651,3139607
2021,8113,3139706
2021,12985,3139805
2021,14019,3139904
2021,61830,3140001
2021,4079,3140100
2021,15814,3140159
2021,3000,3140209
2021,4030,3140308
2021,2701,3140407
2021,13497,3140506
2021,8640,3140530
2021,8700,3140555
2021,4415,3140605
2021,31631,3140704
2021,14626,3140803
2021,11360,3140852
2021,19098,3140902
2021,12367,3141009
2021,38469,3141108
2021,3733,3141207
2021,3861,3141306
2021,20701,3141405
2021,6446,3141504
2021,10775,3141603
2021,5489,3141702
2021,31509,3141801
2021,3891,3141900
2021,13651,3142007
2021,10818,3142106
2021,15205,3142205
2021,4939,3142254
2021,4948,3142304
2021,7589,3142403
2021,2184,3142502
2021,8764,3142601
2021,14621,3142700
2021,21349,3142809
2021,20544,3142908
2021,13139,3143005
2021,48049,3143104
2021,4939,3143153
2021,21504,3143203
2021,417478,3143302
2021,24247,3143401
2021,8379,3143450
2021,8955,3143500
2021,2413,3143609
2021,3126,3143708
2021,5960,3143807
2021,109997,3143906
2021,26945,3144003
2021,20522,3144102
2021,3221,3144201
2021,40583,3144300
2021,7104,3144359
2021,3306,3144375
2021,4727,3144409
2021,8710,3144508
2021,26882,3144607
2021,10355,3144656
2021,3067,3144672
2021,17524,3144706
2021,97378,3144805
2021,3548,3144904
2021,16046,3145000
2021,7493,3145059
2021,16937,3145109
2021,108241,3145208
2021,31339,3145307
2021,10800,3145356
2021,5348,3145372
2021,1694,3145406
2021,6243,3145455
2021,2829,3145505
2021,41987,3145604
2021,2128,3145703
2021,3155,3145802
2021,4671,3145851
2021,8138,3145877
2021,40220,3145901
2021,33938,3146008
2021,74824,3146107
2021,5895,3146206
2021,6466,3146255
2021,20346,3146305
2021,4440,3146404
2021,8308,3146503
2021,6098,3146552
2021,1517,3146602
2021,6606,3146701
2021,5196,3146750
2021,15922,3146909
2021,94539,3147006
2021,95616,3147105
2021,21693,3147204
2021,21353,3147303
2021,24854,3147402
2021,1619,3147501
2021,16439,3147600
2021,8031,3147709
2021,2024,3147808
2021,115970,3147907
2021,6031,3147956
2021,154641,3148004
2021,92116,3148103
2021,5744,3148202
2021,9597,3148301
2021,4794,3148400
2021,8390,3148509
2021,17534,3148608
2021,24333,3148707
2021,7157,3148756
2021,2960,3148806
2021,3977,3148905
2021,2559,3149002
2021,11098,3149101
2021,12313,3149150
2021,3651,3149200
2021,65149,3149309
2021,1804,3149408
2021,3340,3149507
2021,4457,3149606
2021,11994,3149705
2021,16469,3149804
2021,21577,3149903
2021,6738,3149952
2021,4261,3150000
2021,2719,3150109
2021,8832,3150158
2021,4141,3150208
2021,4436,3150307
2021,5034,3150406
2021,8715,3150505
2021,5029,3150539
2021,7540,3150570
2021,6386,3150604
2021,6491,3150703
2021,17641,3150802
2021,5504,3150901
2021,8683,3151008
2021,10791,3151107
2021,56845,3151206
2021,10732,3151305
2021,28433,3151404
2021,35137,3151503
2021,12445,3151602
2021,16900,3151701
2021,169838,3151800
2021,8288,3151909
2021,32248,3152006
2021,60003,3152105
2021,4305,3152131
2021,12235,3152170
2021,37823,3152204
2021,11414,3152303
2021,16675,3152402
2021,154293,3152501
2021,5862,3152600
2021,9128,3152709
2021,28173,3152808
2021,8530,3152907
2021,3658,3153004
2021,5315,3153103
2021,3572,3153202
2021,3000,3153301
2021,19680,3153400
2021,8286,3153509
2021,10931,3153608
2021,3603,3153707
2021,1948,3153806
2021,16501,3153905
2021,23663,3154002
2021,10522,3154101
2021,7247,3154150
2021,11578,3154200
2021,17396,3154309
2021,4826,3154408
2021,8132,3154457
2021,9471,3154507
2021,341415,3154606
2021,4061,3154705
2021,10524,3154804
2021,13384,3154903
2021,2630,3155009
2021,5117,3155108
2021,5332,3155207
2021,5924,3155306
2021,8964,3155405
2021,12356,3155504
2021,31171,3155603
2021,14325,3155702
2021,18007,3155801
2021,5493,3155900
2021,12635,3156007
2021,4521,3156106
2021,2335,3156205
2021,8333,3156304
2021,3507,3156403
2021,4648,3156452
2021,5609,3156502
2021,10269,3156601
2021,137877,3156700
2021,15364,3156809
2021,26556,3156908
2021,41864,3157005
2021,7014,3157104
2021,31873,3157203
2021,8212,3157252
2021,3212,3157278
2021,4385,3157302
2021,8723,3157336
2021,4074,3157377
2021,4693,3157401
2021,4354,3157500
2021,3806,3157609
2021,6406,3157658
2021,14497,3157708
2021,221705,3157807
2021,16393,3157906
2021,10867,3158003
2021,5203,3158102
2021,14607,3158201
2021,7047,3158300
2021,3909,3158409
2021,7538,3158508
2021,3985,3158607
2021,2494,3158706
2021,4847,3158805
2021,8660,3158904
2021,36048,3158953
2021,4334,3159001
2021,3753,3159100
2021,8900,3159209
2021,4843,3159308
2021,7322,3159357
2021,3380,3159407
2021,5426,3159506
2021,44226,3159605
2021,3364,3159704
2021,19997,3159803
2021,18697,3159902
2021,3602,3160009
2021,3861,3160108
2021,3763,3160207
2021,11570,3160306
2021,28603,3160405
2021,7316,3160454
2021,1756,3160504
2021,3044,3160603
2021,46357,3160702
2021,5411,3160801
2021,3770,3160900
2021,5672,3160959
2021,17296,3161007
2021,3354,3161056
2021,56625,3161106
2021,6512,3161205
2021,6309,3161304
2021,4758,3161403
2021,12751,3161502
2021,3860,3161601
2021,4104,3161650
2021,8527,3161700
2021,12776,3161809
2021,11114,3161908
2021,25670,3162005
2021,36084,3162104
2021,7541,3162203
2021,4949,3162252
2021,2743,3162302
2021,25033,3162401
2021,13232,3162450
2021,90897,3162500
2021,11785,3162559
2021,5975,3162575
2021,7393,3162609
2021,4476,3162658
2021,23797,3162708
2021,15761,3162807
2021,26530,3162906
2021,32696,3162922
2021,7532,3162948
2021,24490,3162955
2021,4291,3163003
2021,5151,3163102
2021,4222,3163201
2021,3851,3163300
2021,5356,3163409
2021,6409,3163508
2021,2821,3163607
2021,46539,3163706
2021,6949,3163805
2021,4563,3163904
2021,7634,3164001
2021,5160,3164100
2021,12713,3164209
2021,7100,3164308
2021,5598,3164407
2021,3039,3164431
2021,6697,3164472
2021,9884,3164506
2021,6948,3164605
2021,71915,3164704
2021,1478,3164803
2021,2259,3164902
2021,10979,3165008
2021,6980,3165107
2021,7151,3165206
2021,7876,3165305
2021,7045,3165404
2021,6421,3165503
2021,34050,3165537
2021,12493,3165552
2021,2579,3165560
2021,5365,3165578
2021,2001,3165602
2021,7902,3165701
2021,1422,3165800
2021,4056,3165909
2021,5786,3166006
2021,3516,3166105
2021,10474,3166204
2021,7340,3166303
2021,1857,3166402
2021,4292,3166501
2021,771,3166600
2021,8725,3166709
2021,11750,3166808
2021,7667,3166907
2021,4836,3166956
2021,1949,3167004
2021,20915,3167103
2021,243950,3167202
2021,2267,3167301
2021,6258,3167400
2021,2621,3167509
2021,19834,3167608
2021,5476,3167707
2021,6226,3167806
2021,3669,3167905
2021,34653,3168002
2021,3093,3168051
2021,4890,3168101
2021,1869,3168200
2021,4120,3168309
2021,14280,3168408
2021,11680,3168507
2021,141269,3168606
2021,91268,3168705
2021,8160,3168804
2021,6369,3168903
2021,16769,3169000
2021,4117,3169059
2021,6336,3169109
2021,7683,3169208
2021,80561,3169307
2021,33062,3169356
2021,57127,3169406
2021,6797,3169505
2021,25466,3169604
2021,20280,3169703
2021,5099,3169802
2021,117995,3169901
2021,12661,3170008
2021,12514,3170057
2021,340277,3170107
2021,706597,3170206
2021,2582,3170305
2021,85461,3170404
2021,4265,3170438
2021,3256,3170479
2021,10333,3170503
2021,17470,3170529
2021,6460,3170578
2021,2143,3170602
2021,5045,3170651
2021,137608,3170701
2021,7235,3170750
2021,40101,3170800
2021,19290,3170909
2021,20692,3171006
2021,9527,3171030
2021,5733,3171071
2021,4090,3171105
2021,4852,3171154
2021,131849,3171204
2021,79910,3171303
2021,3570,3171402
2021,3157,3171501
2021,13729,3171600
2021,8652,3171709
2021,10459,3171808
2021,5303,3171907
2021,43351,3172004
2021,5270,3172103
2021,2543,3172202
2019,6989,3100104
2019,23237,3100203
2019,13454,3100302
2019,3994,3100401
2019,9470,3100500
2019,13735,3100609
2019,1999,3100708
2019,4486,3100807
2019,19207,3100906
2019,13539,3101003
2019,25167,3101102
2019,6003,3101201
2019,2674,3101300
2019,3007,3101409
2019,35362,3101508
2019,79996,3101607
2019,6907,3101631
2019,41896,3101706
2019,7424,3101805
2019,19853,3101904
2019,14466,3102001
2019,5847,3102050
2019,11000,3102100
2019,3907,3102209
2019,15203,3102308
2019,3606,3102407
2019,4713,3102506
2019,41077,3102605
2019,9412,3102704
2019,12224,3102803
2019,8520,3102852
2019,11445,3102902
2019,9318,3103009
2019,1598,3103108
2019,2347,3103207
2019,2063,3103306
2019,36708,3103405
2019,117267,3103504
2019,2795,3103603
2019,8439,3103702
2019,6869,3103751
2019,2834,3103801
2019,9273,3103900
2019,106229,3104007
2019,10772,3104106
2019,40092,3104205
2019,15070,3104304
2019,2727,3104403
2019,5231,3104452
2019,17875,3104502
2019,14179,3104601
2019,12868,3104700
2019,4869,3104809
2019,19148,3104908
2019,7826,3105004
2019,23829,3105103
2019,4795,3105202
2019,5746,3105301
2019,32485,3105400
2019,5397,3105509
2019,137313,3105608
2019,5131,3105707
2019,20810,3105905
2019,10255,3106002
2019,3429,3106101
2019,2512070,3106200
2019,26700,3106309
2019,7715,3106408
2019,11932,3106507
2019,4604,3106606
2019,4735,3106655
2019,439340,3106705
2019,3379,3106804
2019,14494,3106903
2019,2515,3107000
2019,40127,3107109
2019,5090,3107208
2019,49979,3107307
2019,50605,3107406
2019,6474,3107505
2019,4217,3107604
2019,6083,3107703
2019,14935,3107802
2019,10547,3107901
2019,17603,3108008
2019,6868,3108107
2019,5493,3108206
2019,11230,3108255
2019,19412,3108305
2019,14971,3108404
2019,6319,3108503
2019,16538,3108552
2019,32347,3108602
2019,4333,3108701
2019,4801,3108800
2019,14459,3108909
2019,40103,3109006
2019,11001,3109105
2019,10365,3109204
2019,3982,3109253
2019,24841,3109303
2019,28056,3109402
2019,6949,3109451
2019,14075,3109501
2019,3603,3109600
2019,11547,3109709
2019,2692,3109808
2019,11624,3109907
2019,44718,3110004
2019,5496,3110103
2019,3987,3110202
2019,14480,3110301
2019,2901,3110400
2019,21770,3110509
2019,29551,3110608
2019,12814,3110707
2019,3721,3110806
2019,16665,3110905
2019,21055,3111002
2019,19745,3111101
2019,3817,3111150
2019,54029,3111200
2019,11655,3111309
2019,8151,3111408
2019,15461,3111507
2019,28774,3111606
2019,4563,3111705
2019,12150,3111804
2019,5603,3111903
2019,14886,3112000
2019,4525,3112059
2019,5438,3112109
2019,4653,3112208
2019,37784,3112307
2019,6920,3112406
2019,9754,3112505
2019,16173,3112604
2019,5468,3112653
2019,15234,3112703
2019,8632,3112802
2019,9298,3112901
2019,23685,3113008
2019,3183,3113107
2019,25501,3113206
2019,33000,3113305
2019,92062,3113404
2019,9405,3113503
2019,6757,3113602
2019,18837,3113701
2019,2632,3113800
2019,12170,3113909
2019,11476,3114006
2019,14859,3114105
2019,22478,3114204
2019,30329,3114303
2019,21225,3114402
2019,19355,3114501
2019,10027,3114550
2019,4047,3114600
2019,3579,3114709
2019,4478,3114808
2019,2257,3114907
2019,3075,3115003
2019,17740,3115102
2019,3954,3115201
2019,75123,3115300
2019,5376,3115359
2019,3641,3115409
2019,6311,3115458
2019,4986,3115474
2019,21656,3115508
2019,1164,3115607
2019,7032,3115706
2019,10350,3115805
2019,3154,3115904
2019,5704,3116001
2019,15356,3116100
2019,13680,3116159
2019,2687,3116209
2019,6787,3116308
2019,4843,3116407
2019,7551,3116506
2019,28617,3116605
2019,7556,3116704
2019,8873,3116803
2019,3111,3116902
2019,6929,3117009
2019,10292,3117108
2019,2812,3117207
2019,27893,3117306
2019,4574,3117405
2019,17842,3117504
2019,5507,3117603
2019,13638,3117702
2019,11638,3117801
2019,7642,3117836
2019,6730,3117876
2019,11950,3117900
2019,54762,3118007
2019,5045,3118106
2019,6939,3118205
2019,128589,3118304
2019,22921,3118403
2019,1783,3118502
2019,663855,3118601
2019,9159,3118700
2019,26602,3118809
2019,8890,3118908
2019,3538,3119005
2019,23731,3119104
2019,9991,3119203
2019,27974,3119302
2019,109855,3119401
2019,9222,3119500
2019,3086,3119609
2019,3434,3119708
2019,3215,3119807
2019,3704,3119906
2019,6337,3119955
2019,2771,3120003
2019,4410,3120102
2019,6704,3120151
2019,12798,3120201
2019,5971,3120300
2019,5150,3120409
2019,10242,3120508
2019,5034,3120607
2019,3626,3120706
2019,15417,3120805
2019,4982,3120839
2019,7729,3120870
2019,80129,3120904
2019,5410,3121001
2019,8025,3121100
2019,7114,3121209
2019,10533,3121258
2019,5013,3121308
2019,7243,3121407
2019,2901,3121506
2019,47723,3121605
2019,3802,3121704
2019,7729,3121803
2019,3417,3121902
2019,19931,3122009
2019,4979,3122108
2019,7571,3122207
2019,238230,3122306
2019,6786,3122355
2019,6011,3122405
2019,11019,3122454
2019,3677,3122470
2019,5072,3122504
2019,4195,3122603
2019,5237,3122702
2019,3001,3122801
2019,6572,3122900
2019,10153,3123007
2019,5169,3123106
2019,13483,3123205
2019,4259,3123304
2019,1527,3123403
2019,1908,3123502
2019,7841,3123528
2019,28076,3123601
2019,11134,3123700
2019,7242,3123809
2019,5370,3123858
2019,15298,3123908
2019,18895,3124005
2019,70552,3124104
2019,24951,3124203
2019,31617,3124302
2019,4692,3124401
2019,11354,3124500
2019,2343,3124609
2019,3500,3124708
2019,7978,3124807
2019,11275,3124906
2019,3913,3125002
2019,36225,3125101
2019,2377,3125200
2019,3241,3125309
2019,4753,3125408
2019,3167,3125507
2019,7457,3125606
2019,15336,3125705
2019,3431,3125804
2019,9820,3125903
2019,11006,3125952
2019,7461,3126000
2019,67683,3126109
2019,9562,3126208
2019,4412,3126307
2019,2947,3126406
2019,10332,3126505
2019,5215,3126604
2019,26277,3126703
2019,5391,3126752
2019,5880,3126802
2019,9611,3126901
2019,3478,3126950
2019,18103,3127008
2019,4581,3127057
2019,5369,3127073
2019,59496,3127107
2019,4349,3127206
2019,6817,3127305
2019,5109,3127339
2019,3150,3127354
2019,3353,3127370
2019,3966,3127388
2019,4350,3127404
2019,6158,3127503
2019,11825,3127602
2019,279885,3127701
2019,15836,3127800
2019,1388,3127909
2019,34319,3128006
2019,14245,3128105
2019,10324,3128204
2019,4972,3128253
2019,19021,3128303
2019,8911,3128402
2019,3796,3128501
2019,6580,3128600
2019,51917,3128709
2019,7078,3128808
2019,8039,3128907
2019,8392,3129004
2019,5639,3129103
2019,6558,3129202
2019,11004,3129301
2019,5021,3129400
2019,25199,3129509
2019,8395,3129608
2019,5400,3129657
2019,13828,3129707
2019,180204,3129806
2019,3488,3129905
2019,2989,3130002
2019,11990,3130051
2019,43045,3130101
2019,10860,3130200
2019,7947,3130309
2019,6550,3130408
2019,12375,3130507
2019,6903,3130556
2019,7328,3130606
2019,7351,3130655
2019,6891,3130705
2019,2767,3130804
2019,24140,3130903
2019,6271,3131000
2019,7515,3131109
2019,18607,3131158
2019,19861,3131208
2019,263410,3131307
2019,4221,3131406
2019,10079,3131505
2019,6987,3131604
2019,120060,3131703
2019,11512,3131802
2019,51875,3131901
2019,5385,3132008
2019,18153,3132107
2019,13358,3132206
2019,12760,3132305
2019,96869,3132404
2019,34735,3132503
2019,4355,3132602
2019,23211,3132701
2019,2081,3132800
2019,10192,3132909
2019,15579,3133006
2019,15331,3133105
2019,12228,3133204
2019,21062,3133303
2019,15243,3133402
2019,21762,3133501
2019,9783,3133600
2019,11146,3133709
2019,16108,3133758
2019,93214,3133808
2019,5419,3133907
2019,14990,3134004
2019,6051,3134103
2019,104671,3134202
2019,6023,3134301
2019,39263,3134400
2019,3788,3134509
2019,20143,3134608
2019,12326,3134707
2019,7686,3134806
2019,25979,3134905
2019,3133,3135001
2019,38909,3135050
2019,5404,3135076
2019,71648,3135100
2019,67742,3135209
2019,4350,3135308
2019,8134,3135357
2019,4912,3135407
2019,7692,3135456
2019,12386,3135506
2019,7531,3135605
2019,5211,3135704
2019,25391,3135803
2019,4787,3135902
2019,15432,3136009
2019,4573,3136108
2019,79910,3136207
2019,47452,3136306
2019,4695,3136405
2019,10812,3136504
2019,4501,3136520
2019,4995,3136553
2019,4867,3136579
2019,5725,3136603
2019,26946,3136652
2019,568873,3136702
2019,4331,3136801
2019,10563,3136900
2019,5724,3136959
2019,18111,3137007
2019,7613,3137106
2019,52165,3137205
2019,4102,3137304
2019,13009,3137403
2019,18052,3137502
2019,9532,3137536
2019,64527,3137601
2019,19923,3137700
2019,20814,3137809
2019,3391,3137908
2019,6810,3138005
2019,6512,3138104
2019,103773,3138203
2019,3229,3138302
2019,4918,3138351
2019,52587,3138401
2019,5069,3138500
2019,16698,3138609
2019,7536,3138625
2019,9496,3138658
2019,6266,3138674
2019,6699,3138682
2019,5446,3138708
2019,18215,3138807
2019,7111,3138906
2019,42133,3139003
2019,5098,3139102
2019,18650,3139201
2019,6543,3139250
2019,18407,3139300
2019,90229,3139409
2019,22707,3139508
2019,27644,3139607
2019,7976,3139706
2019,12814,3139805
2019,14095,3139904
2019,60724,3140001
2019,4115,3140100
2019,15416,3140159
2019,2973,3140209
2019,4039,3140308
2019,2755,3140407
2019,13388,3140506
2019,8417,3140530
2019,8586,3140555
2019,4459,3140605
2019,31086,3140704
2019,14468,3140803
2019,11157,3140852
2019,18908,3140902
2019,12459,3141009
2019,37820,3141108
2019,3749,3141207
2019,3802,3141306
2019,20820,3141405
2019,6446,3141504
2019,10739,3141603
2019,5605,3141702
2019,31484,3141801
2019,3894,3141900
2019,13589,3142007
2019,10754,3142106
2019,15014,3142205
2019,4888,3142254
2019,4919,3142304
2019,7517,3142403
2019,2220,3142502
2019,8688,3142601
2019,14877,3142700
2019,21120,3142809
2019,20854,3142908
2019,13166,3143005
2019,47809,3143104
2019,4906,3143153
2019,21524,3143203
2019,409341,3143302
2019,23803,3143401
2019,8249,3143450
2019,8863,3143500
2019,2462,3143609
2019,3182,3143708
2019,6029,3143807
2019,108763,3143906
2019,26979,3144003
2019,20569,3144102
2019,3220,3144201
2019,40750,3144300
2019,6996,3144359
2019,3311,3144375
2019,4730,3144409
2019,8608,3144508
2019,26769,3144607
2019,10295,3144656
2019,3190,3144672
2019,17578,3144706
2019,94889,3144805
2019,3600,3144904
2019,15545,3145000
2019,7500,3145059
2019,16723,3145109
2019,102693,3145208
2019,31331,3145307
2019,10755,3145356
2019,5299,3145372
2019,1747,3145406
2019,6096,3145455
2019,2787,3145505
2019,41687,3145604
2019,2133,3145703
2019,3148,3145802
2019,4655,3145851
2019,8018,3145877
2019,39500,3145901
2019,33639,3146008
2019,74281,3146107
2019,5934,3146206
2019,6378,3146255
2019,20154,3146305
2019,4486,3146404
2019,8283,3146503
2019,6089,3146552
2019,1529,3146602
2019,6616,3146701
2019,5507,3146750
2019,15674,3146909
2019,93158,3147006
2019,93969,3147105
2019,21513,3147204
2019,21083,3147303
2019,24540,3147402
2019,1649,3147501
2019,16344,3147600
2019,8084,3147709
2019,2039,3147808
2019,114679,3147907
2019,5972,3147956
2019,152488,3148004
2019,90757,3148103
2019,5684,3148202
2019,9571,3148301
2019,4830,3148400
2019,8450,3148509
2019,17541,3148608
2019,24324,3148707
2019,7097,3148756
2019,3052,3148806
2019,3972,3148905
2019,2504,3149002
2019,11195,3149101
2019,12107,3149150
2019,3635,3149200
2019,64258,3149309
2019,1807,3149408
2019,3320,3149507
2019,4406,3149606
2019,11506,3149705
2019,16168,3149804
2019,21390,3149903
2019,6810,3149952
2019,4252,3150000
2019,2748,3150109
2019,8566,3150158
2019,4140,3150208
2019,4497,3150307
2019,4982,3150406
2019,8660,3150505
2019,4941,3150539
2019,7507,3150570
2019,6409,3150604
2019,6199,3150703
2019,17626,3150802
2019,5472,3150901
2019,8596,3151008
2019,10752,3151107
2019,56428,3151206
2019,10787,3151305
2019,27989,3151404
2019,34691,3151503
2019,12133,3151602
2019,16791,3151701
2019,167397,3151800
2019,8432,3151909
2019,31812,3152006
2019,59742,3152105
2019,4261,3152131
2019,12121,3152170
2019,37906,3152204
2019,11279,3152303
2019,16555,3152402
2019,150737,3152501
2019,5940,3152600
2019,9031,3152709
2019,27856,3152808
2019,8603,3152907
2019,3603,3153004
2019,5369,3153103
2019,3641,3153202
2019,3002,3153301
2019,19573,3153400
2019,8317,3153509
2019,10733,3153608
2019,3563,3153707
2019,1939,3153806
2019,16354,3153905
2019,23762,3154002
2019,10517,3154101
2019,7154,3154150
2019,11500,3154200
2019,17397,3154309
2019,4808,3154408
2019,8136,3154457
2019,9481,3154507
2019,334858,3154606
2019,4033,3154705
2019,10312,3154804
2019,13564,3154903
2019,2610,3155009
2019,5150,3155108
2019,5474,3155207
2019,5832,3155306
2019,8949,3155405
2019,12313,3155504
2019,30914,3155603
2019,14339,3155702
2019,17910,3155801
2019,5476,3155900
2019,12846,3156007
2019,4604,3156106
2019,2305,3156205
2019,8109,3156304
2019,3533,3156403
2019,4594,3156452
2019,5995,3156502
2019,10241,3156601
2019,136344,3156700
2019,15470,3156809
2019,26185,3156908
2019,41527,3157005
2019,7009,3157104
2019,31324,3157203
2019,8147,3157252
2019,3150,3157278
2019,4430,3157302
2019,8604,3157336
2019,4142,3157377
2019,4758,3157401
2019,4409,3157500
2019,3846,3157609
2019,6366,3157658
2019,14003,3157708
2019,219134,3157807
2019,16208,3157906
2019,10847,3158003
2019,5232,3158102
2019,14615,3158201
2019,7100,3158300
2019,3872,3158409
2019,7642,3158508
2019,3976,3158607
2019,2458,3158706
2019,4821,3158805
2019,8674,3158904
2019,34663,3158953
2019,4295,3159001
2019,3777,3159100
2019,8949,3159209
2019,4884,3159308
2019,7212,3159357
2019,3425,3159407
2019,5489,3159506
2019,43260,3159605
2019,3350,3159704
2019,19742,3159803
2019,18525,3159902
2019,3602,3160009
2019,3911,3160108
2019,3838,3160207
2019,11640,3160306
2019,28243,3160405
2019,7277,3160454
2019,1765,3160504
2019,3087,3160603
2019,46487,3160702
2019,5286,3160801
2019,3738,3160900
2019,5644,3160959
2019,17359,3161007
2019,3369,3161056
2019,56323,3161106
2019,6527,3161205
2019,6238,3161304
2019,4844,3161403
2019,12366,3161502
2019,3962,3161601
2019,4012,3161650
2019,8389,3161700
2019,12411,3161809
2019,10920,3161908
2019,25449,3162005
2019,35469,3162104
2019,7453,3162203
2019,4915,3162252
2019,2749,3162302
2019,25165,3162401
2019,13014,3162450
2019,90082,3162500
2019,11559,3162559
2019,5859,3162575
2019,7498,3162609
2019,4419,3162658
2019,23618,3162708
2019,15774,3162807
2019,26361,3162906
2019,31578,3162922
2019,7426,3162948
2019,23766,3162955
2019,4268,3163003
2019,5004,3163102
2019,4196,3163201
2019,3860,3163300
2019,5420,3163409
2019,6453,3163508
2019,2791,3163607
2019,45851,3163706
2019,6938,3163805
2019,4659,3163904
2019,7781,3164001
2019,5246,3164100
2019,12337,3164209
2019,7051,3164308
2019,5504,3164407
2019,3007,3164431
2019,6555,3164472
2019,10044,3164506
2019,6775,3164605
2019,70956,3164704
2019,1506,3164803
2019,2241,3164902
2019,10941,3165008
2019,7021,3165107
2019,7089,3165206
2019,7753,3165305
2019,6930,3165404
2019,6300,3165503
2019,32752,3165537
2019,12258,3165552
2019,2633,3165560
2019,5356,3165578
2019,2005,3165602
2019,7812,3165701
2019,1502,3165800
2019,4156,3165909
2019,5786,3166006
2019,3523,3166105
2019,10459,3166204
2019,7326,3166303
2019,1851,3166402
2019,4293,3166501
2019,781,3166600
2019,8699,3166709
2019,11582,3166808
2019,7669,3166907
2019,4781,3166956
2019,1963,3167004
2019,20966,3167103
2019,239639,3167202
2019,2261,3167301
2019,6238,3167400
2019,2615,3167509
2019,19633,3167608
2019,5553,3167707
2019,6151,3167806
2019,3750,3167905
2019,34132,3168002
2019,3110,3168051
2019,4773,3168101
2019,1875,3168200
2019,4077,3168309
2019,14326,3168408
2019,11661,3168507
2019,140592,3168606
2019,89842,3168705
2019,7981,3168804
2019,6480,3168903
2019,16659,3169000
2019,4101,3169059
2019,6258,3169109
2019,8022,3169208
2019,79482,3169307
2019,32356,3169356
2019,56746,3169406
2019,6732,3169505
2019,25327,3169604
2019,19964,3169703
2019,5040,3169802
2019,115552,3169901
2019,12533,3170008
2019,12471,3170057
2019,333783,3170107
2019,691305,3170206
2019,2611,3170305
2019,84378,3170404
2019,4304,3170438
2019,3264,3170479
2019,10358,3170503
2019,16865,3170529
2019,6480,3170578
2019,2153,3170602
2019,5007,3170651
2019,135558,3170701
2019,7036,3170750
2019,39493,3170800
2019,19320,3170909
2019,20590,3171006
2019,9355,3171030
2019,5720,3171071
2019,3999,3171105
2019,4839,3171154
2019,127601,3171204
2019,78846,3171303
2019,3608,3171402
2019,3203,3171501
2019,13752,3171600
2019,8674,3171709
2019,10510,3171808
2019,5380,3171907
2019,42564,3172004
2019,5252,3172103
2019,2552,3172202
2018,6972,3100104
2018,23223,3100203
2018,13465,3100302
2018,3994,3100401
2018,9575,3100500
2018,13600,3100609
2018,2005,3100708
2018,4448,3100807
2018,19166,3100906
2018,13477,3101003
2018,25193,3101102
2018,6032,3101201
2018,2683,3101300
2018,3003,3101409
2018,35321,3101508
2018,79481,3101607
2018,6831,3101631
2018,41642,3101706
2018,7411,3101805
2018,19745,3101904
2018,14414,3102001
2018,5799,3102050
2018,11146,3102100
2018,3973,3102209
2018,15239,3102308
2018,3606,3102407
2018,4751,3102506
2018,40747,3102605
2018,9382,3102704
2018,12242,3102803
2018,8481,3102852
2018,11432,3102902
2018,9363,3103009
2018,1609,3103108
2018,2341,3103207
2018,2066,3103306
2018,36705,3103405
2018,116691,3103504
2018,2804,3103603
2018,8425,3103702
2018,6804,3103751
2018,2833,3103801
2018,9142,3103900
2018,105083,3104007
2018,10657,3104106
2018,39793,3104205
2018,14955,3104304
2018,2751,3104403
2018,5191,3104452
2018,17888,3104502
2018,14085,3104601
2018,13064,3104700
2018,4888,3104809
2018,19094,3104908
2018,7851,3105004
2018,23757,3105103
2018,4825,3105202
2018,5713,3105301
2018,32319,3105400
2018,5443,3105509
2018,136392,3105608
2018,5250,3105707
2018,20720,3105905
2018,10248,3106002
2018,3433,3106101
2018,2501576,3106200
2018,26396,3106309
2018,7710,3106408
2018,11995,3106507
2018,4602,3106606
2018,4705,3106655
2018,432575,3106705
2018,3430,3106804
2018,14431,3106903
2018,2532,3107000
2018,40031,3107109
2018,5091,3107208
2018,49942,3107307
2018,50166,3107406
2018,6489,3107505
2018,4190,3107604
2018,6031,3107703
2018,15010,3107802
2018,10558,3107901
2018,17598,3108008
2018,6876,3108107
2018,5544,3108206
2018,11088,3108255
2018,19202,3108305
2018,14995,3108404
2018,6350,3108503
2018,16321,3108552
2018,32288,3108602
2018,4374,3108701
2018,4835,3108800
2018,14508,3108909
2018,39520,3109006
2018,11010,3109105
2018,10377,3109204
2018,4074,3109253
2018,24663,3109303
2018,27988,3109402
2018,6909,3109451
2018,14075,3109501
2018,3616,3109600
2018,11514,3109709
2018,2677,3109808
2018,11495,3109907
2018,44377,3110004
2018,5450,3110103
2018,4002,3110202
2018,14417,3110301
2018,2934,3110400
2018,21738,3110509
2018,29278,3110608
2018,12816,3110707
2018,3711,3110806
2018,16565,3110905
2018,21056,3111002
2018,19738,3111101
2018,3810,3111150
2018,53866,3111200
2018,11658,3111309
2018,8029,3111408
2018,15356,3111507
2018,28703,3111606
2018,4579,3111705
2018,12025,3111804
2018,5612,3111903
2018,14883,3112000
2018,4498,3112059
2018,5424,3112109
2018,4673,3112208
2018,37856,3112307
2018,6952,3112406
2018,9679,3112505
2018,16109,3112604
2018,5420,3112653
2018,15153,3112703
2018,8601,3112802
2018,9287,3112901
2018,23586,3113008
2018,3200,3113107
2018,25327,3113206
2018,32988,3113305
2018,91503,3113404
2018,9396,3113503
2018,6721,3113602
2018,19007,3113701
2018,2617,3113800
2018,12158,3113909
2018,11439,3114006
2018,14769,3114105
2018,22257,3114204
2018,30324,3114303
2018,21180,3114402
2018,19144,3114501
2018,9986,3114550
2018,4044,3114600
2018,3560,3114709
2018,4495,3114808
2018,2260,3114907
2018,3057,3115003
2018,17739,3115102
2018,3962,3115201
2018,74691,3115300
2018,5330,3115359
2018,3629,3115409
2018,6366,3115458
2018,5008,3115474
2018,21703,3115508
2018,1171,3115607
2018,7017,3115706
2018,10425,3115805
2018,3121,3115904
2018,5709,3116001
2018,15368,3116100
2018,13397,3116159
2018,2702,3116209
2018,6774,3116308
2018,4810,3116407
2018,7590,3116506
2018,28366,3116605
2018,7517,3116704
2018,8907,3116803
2018,3103,3116902
2018,7090,3117009
2018,10261,3117108
2018,2811,3117207
2018,27425,3117306
2018,4570,3117405
2018,17641,3117504
2018,5480,3117603
2018,13590,3117702
2018,11525,3117801
2018,7595,3117836
2018,6657,3117876
2018,11813,3117900
2018,54196,3118007
2018,5044,3118106
2018,6908,3118205
2018,127539,3118304
2018,22892,3118403
2018,1782,3118502
2018,659070,3118601
2018,9191,3118700
2018,26592,3118809
2018,8883,3118908
2018,3534,3119005
2018,23797,3119104
2018,10040,3119203
2018,27982,3119302
2018,109405,3119401
2018,9228,3119500
2018,3080,3119609
2018,3426,3119708
2018,3241,3119807
2018,3714,3119906
2018,6290,3119955
2018,2814,3120003
2018,4396,3120102
2018,6646,3120151
2018,12660,3120201
2018,5960,3120300
2018,5145,3120409
2018,10258,3120508
2018,5014,3120607
2018,4134,3120706
2018,15358,3120805
2018,4960,3120839
2018,7656,3120870
2018,79625,3120904
2018,5399,3121001
2018,8035,3121100
2018,7098,3121209
2018,10291,3121258
2018,4996,3121308
2018,7232,3121407
2018,2919,3121506
2018,47617,3121605
2018,3814,3121704
2018,7852,3121803
2018,3411,3121902
2018,19884,3122009
2018,4984,3122108
2018,7527,3122207
2018,235977,3122306
2018,6702,3122355
2018,5996,3122405
2018,10820,3122454
2018,3699,3122470
2018,5097,3122504
2018,4482,3122603
2018,5243,3122702
2018,3007,3122801
2018,6523,3122900
2018,10081,3123007
2018,5185,3123106
2018,13541,3123205
2018,4289,3123304
2018,1521,3123403
2018,1905,3123502
2018,7811,3123528
2018,27823,3123601
2018,11064,3123700
2018,7244,3123809
2018,5362,3123858
2018,15214,3123908
2018,18829,3124005
2018,70200,3124104
2018,24773,3124203
2018,31624,3124302
2018,4673,3124401
2018,11321,3124500
2018,2361,3124609
2018,3508,3124708
2018,7936,3124807
2018,11218,3124906
2018,3904,3125002
2018,35474,3125101
2018,2379,3125200
2018,3262,3125309
2018,4804,3125408
2018,3161,3125507
2018,7409,3125606
2018,15235,3125705
2018,3394,3125804
2018,9949,3125903
2018,10957,3125952
2018,7386,3126000
2018,67540,3126109
2018,9431,3126208
2018,4387,3126307
2018,2927,3126406
2018,10343,3126505
2018,5187,3126604
2018,26181,3126703
2018,5446,3126752
2018,5891,3126802
2018,9555,3126901
2018,3469,3126950
2018,17701,3127008
2018,4601,3127057
2018,5441,3127073
2018,58962,3127107
2018,4304,3127206
2018,6844,3127305
2018,5122,3127339
2018,3136,3127354
2018,3328,3127370
2018,3940,3127388
2018,4345,3127404
2018,6145,3127503
2018,11833,3127602
2018,278685,3127701
2018,15779,3127800
2018,1389,3127909
2018,34057,3128006
2018,14233,3128105
2018,10333,3128204
2018,4954,3128253
2018,19025,3128303
2018,8903,3128402
2018,3818,3128501
2018,6591,3128600
2018,51750,3128709
2018,7105,3128808
2018,7971,3128907
2018,8442,3129004
2018,5704,3129103
2018,6524,3129202
2018,10867,3129301
2018,5033,3129400
2018,25035,3129509
2018,8351,3129608
2018,5975,3129657
2018,13687,3129707
2018,179015,3129806
2018,3483,3129905
2018,2982,3130002
2018,11879,3130051
2018,42246,3130101
2018,10709,3130200
2018,7971,3130309
2018,6488,3130408
2018,12303,3130507
2018,6865,3130556
2018,7297,3130606
2018,7363,3130655
2018,6829,3130705
2018,2757,3130804
2018,24204,3130903
2018,6228,3131000
2018,7467,3131109
2018,18438,3131158
2018,19717,3131208
2018,261344,3131307
2018,4217,3131406
2018,10039,3131505
2018,6944,3131604
2018,119186,3131703
2018,11446,3131802
2018,51281,3131901
2018,5353,3132008
2018,18142,3132107
2018,13278,3132206
2018,12681,3132305
2018,96389,3132404
2018,34527,3132503
2018,4333,3132602
2018,23212,3132701
2018,2107,3132800
2018,10229,3132909
2018,15440,3133006
2018,15236,3133105
2018,12212,3133204
2018,21096,3133303
2018,15102,3133402
2018,21763,3133501
2018,9682,3133600
2018,11037,3133709
2018,16014,3133758
2018,92561,3133808
2018,5470,3133907
2018,14956,3134004
2018,6039,3134103
2018,104067,3134202
2018,6048,3134301
2018,38822,3134400
2018,3809,3134509
2018,19858,3134608
2018,12329,3134707
2018,7681,3134806
2018,25684,3134905
2018,3124,3135001
2018,38413,3135050
2018,5378,3135076
2018,71265,3135100
2018,67628,3135209
2018,4314,3135308
2018,8556,3135357
2018,4973,3135407
2018,7645,3135456
2018,12460,3135506
2018,7597,3135605
2018,5215,3135704
2018,25305,3135803
2018,4795,3135902
2018,15410,3136009
2018,4674,3136108
2018,79387,3136207
2018,48561,3136306
2018,4662,3136405
2018,10780,3136504
2018,4516,3136520
2018,4938,3136553
2018,4844,3136579
2018,5718,3136603
2018,26484,3136652
2018,564310,3136702
2018,4316,3136801
2018,10441,3136900
2018,5733,3136959
2018,18026,3137007
2018,7627,3137106
2018,51601,3137205
2018,4124,3137304
2018,12953,3137403
2018,17991,3137502
2018,9454,3137536
2018,63359,3137601
2018,19928,3137700
2018,20719,3137809
2018,3404,3137908
2018,6786,3138005
2018,6522,3138104
2018,102728,3138203
2018,3233,3138302
2018,4915,3138351
2018,52532,3138401
2018,5109,3138500
2018,16671,3138609
2018,7481,3138625
2018,9008,3138658
2018,6275,3138674
2018,6680,3138682
2018,5454,3138708
2018,18172,3138807
2018,7110,3138906
2018,41844,3139003
2018,5087,3139102
2018,18700,3139201
2018,6532,3139250
2018,18594,3139300
2018,89256,3139409
2018,22608,3139508
2018,27640,3139607
2018,7904,3139706
2018,12725,3139805
2018,14136,3139904
2018,60142,3140001
2018,4134,3140100
2018,15207,3140159
2018,2959,3140209
2018,4044,3140308
2018,2784,3140407
2018,13330,3140506
2018,8299,3140530
2018,8526,3140555
2018,4482,3140605
2018,30798,3140704
2018,14385,3140803
2018,11050,3140852
2018,18808,3140902
2018,12508,3141009
2018,37473,3141108
2018,3758,3141207
2018,3771,3141306
2018,20882,3141405
2018,6446,3141504
2018,10720,3141603
2018,5666,3141702
2018,31471,3141801
2018,3896,3141900
2018,13557,3142007
2018,10721,3142106
2018,14913,3142205
2018,4861,3142254
2018,4904,3142304
2018,7479,3142403
2018,2240,3142502
2018,8648,3142601
2018,15012,3142700
2018,20999,3142809
2018,21017,3142908
2018,13180,3143005
2018,47682,3143104
2018,4889,3143153
2018,21534,3143203
2018,404804,3143302
2018,23569,3143401
2018,8180,3143450
2018,8815,3143500
2018,2488,3143609
2018,3211,3143708
2018,6065,3143807
2018,108113,3143906
2018,26997,3144003
2018,20594,3144102
2018,3219,3144201
2018,40839,3144300
2018,6939,3144359
2018,3314,3144375
2018,4731,3144409
2018,8555,3144508
2018,26709,3144607
2018,10263,3144656
2018,3255,3144672
2018,17607,3144706
2018,93577,3144805
2018,3627,3144904
2018,15280,3145000
2018,7504,3145059
2018,16610,3145109
2018,99770,3145208
2018,31326,3145307
2018,10731,3145356
2018,5273,3145372
2018,1775,3145406
2018,6018,3145455
2018,2765,3145505
2018,41529,3145604
2018,2136,3145703
2018,3144,3145802
2018,4647,3145851
2018,7954,3145877
2018,39121,3145901
2018,33481,3146008
2018,73994,3146107
2018,5954,3146206
2018,6332,3146255
2018,20052,3146305
2018,4510,3146404
2018,8270,3146503
2018,6084,3146552
2018,1535,3146602
2018,6621,3146701
2018,5671,3146750
2018,15543,3146909
2018,92430,3147006
2018,93101,3147105
2018,21418,3147204
2018,20940,3147303
2018,24375,3147402
2018,1664,3147501
2018,16294,3147600
2018,8112,3147709
2018,2048,3147808
2018,113998,3147907
2018,5942,3147956
2018,150833,3148004
2018,90041,3148103
2018,5652,3148202
2018,9557,3148301
2018,4849,3148400
2018,8481,3148509
2018,17545,3148608
2018,24319,3148707
2018,7065,3148756
2018,3100,3148806
2018,3969,3148905
2018,2475,3149002
2018,11246,3149101
2018,11453,3149150
2018,3626,3149200
2018,63789,3149309
2018,1808,3149408
2018,3310,3149507
2018,4379,3149606
2018,11249,3149705
2018,16009,3149804
2018,21291,3149903
2018,6847,3149952
2018,4246,3150000
2018,2763,3150109
2018,8426,3150158
2018,4140,3150208
2018,4528,3150307
2018,4955,3150406
2018,8631,3150505
2018,4894,3150539
2018,7490,3150570
2018,6421,3150604
2018,6044,3150703
2018,17618,3150802
2018,5455,3150901
2018,8550,3151008
2018,10731,3151107
2018,56208,3151206
2018,10816,3151305
2018,27755,3151404
2018,34456,3151503
2018,11968,3151602
2018,16734,3151701
2018,166111,3151800
2018,8508,3151909
2018,31583,3152006
2018,59605,3152105
2018,4237,3152131
2018,12061,3152170
2018,37950,3152204
2018,11208,3152303
2018,16491,3152402
2018,148862,3152501
2018,5981,3152600
2018,8979,3152709
2018,27688,3152808
2018,8642,3152907
2018,3573,3153004
2018,5398,3153103
2018,3676,3153202
2018,3004,3153301
2018,19377,3153400
2018,8333,3153509
2018,10629,3153608
2018,3542,3153707
2018,1934,3153806
2018,16277,3153905
2018,23814,3154002
2018,10514,3154101
2018,7105,3154150
2018,11459,3154200
2018,17398,3154309
2018,4798,3154408
2018,8138,3154457
2018,9487,3154507
2018,331045,3154606
2018,4019,3154705
2018,10203,3154804
2018,13659,3154903
2018,2599,3155009
2018,5167,3155108
2018,5549,3155207
2018,5783,3155306
2018,8941,3155405
2018,12291,3155504
2018,30779,3155603
2018,14346,3155702
2018,17858,3155801
2018,5467,3155900
2018,12957,3156007
2018,4648,3156106
2018,2289,3156205
2018,7991,3156304
2018,3547,3156403
2018,4566,3156452
2018,6198,3156502
2018,10226,3156601
2018,135421,3156700
2018,15525,3156809
2018,25989,3156908
2018,41349,3157005
2018,7007,3157104
2018,30807,3157203
2018,8113,3157252
2018,3117,3157278
2018,4454,3157302
2018,8541,3157336
2018,4177,3157377
2018,4793,3157401
2018,4438,3157500
2018,3866,3157609
2018,6345,3157658
2018,13743,3157708
2018,218147,3157807
2018,16111,3157906
2018,10836,3158003
2018,5248,3158102
2018,14620,3158201
2018,7128,3158300
2018,3853,3158409
2018,7696,3158508
2018,3971,3158607
2018,2438,3158706
2018,4807,3158805
2018,8681,3158904
2018,33934,3158953
2018,4274,3159001
2018,3789,3159100
2018,8974,3159209
2018,4905,3159308
2018,7155,3159357
2018,3449,3159407
2018,5522,3159506
2018,42751,3159605
2018,3343,3159704
2018,19608,3159803
2018,18434,3159902
2018,3602,3160009
2018,3937,3160108
2018,3877,3160207
2018,11677,3160306
2018,28054,3160405
2018,7256,3160454
2018,1770,3160504
2018,3109,3160603
2018,46555,3160702
2018,5220,3160801
2018,3721,3160900
2018,5630,3160959
2018,17393,3161007
2018,3377,3161056
2018,56163,3161106
2018,6535,3161205
2018,6200,3161304
2018,4889,3161403
2018,12164,3161502
2018,4015,3161601
2018,3963,3161650
2018,6923,3161700
2018,12218,3161809
2018,10818,3161908
2018,25332,3162005
2018,35145,3162104
2018,7407,3162203
2018,4896,3162252
2018,2753,3162302
2018,25235,3162401
2018,12899,3162450
2018,89653,3162500
2018,11440,3162559
2018,5798,3162575
2018,7553,3162609
2018,4389,3162658
2018,23524,3162708
2018,15781,3162807
2018,26272,3162906
2018,30989,3162922
2018,7371,3162948
2018,23385,3162955
2018,4255,3163003
2018,4927,3163102
2018,4183,3163201
2018,3865,3163300
2018,5454,3163409
2018,6477,3163508
2018,2775,3163607
2018,45488,3163706
2018,6933,3163805
2018,4709,3163904
2018,7858,3164001
2018,5291,3164100
2018,12139,3164209
2018,7026,3164308
2018,5455,3164407
2018,2991,3164431
2018,6479,3164472
2018,10129,3164506
2018,6684,3164605
2018,70450,3164704
2018,1520,3164803
2018,2231,3164902
2018,10922,3165008
2018,7042,3165107
2018,7056,3165206
2018,7687,3165305
2018,6869,3165404
2018,6236,3165503
2018,32069,3165537
2018,12134,3165552
2018,2661,3165560
2018,5352,3165578
2018,2007,3165602
2018,7764,3165701
2018,1545,3165800
2018,4209,3165909
2018,5786,3166006
2018,3527,3166105
2018,10451,3166204
2018,7319,3166303
2018,1848,3166402
2018,4293,3166501
2018,786,3166600
2018,8685,3166709
2018,11493,3166808
2018,7670,3166907
2018,4752,3166956
2018,1970,3167004
2018,20993,3167103
2018,237286,3167202
2018,2258,3167301
2018,6227,3167400
2018,2612,3167509
2018,19528,3167608
2018,5594,3167707
2018,6112,3167806
2018,3792,3167905
2018,33858,3168002
2018,3119,3168051
2018,4711,3168101
2018,1879,3168200
2018,4055,3168309
2018,14350,3168408
2018,11650,3168507
2018,140235,3168606
2018,89090,3168705
2018,7886,3168804
2018,6539,3168903
2018,16602,3169000
2018,4093,3169059
2018,6217,3169109
2018,8201,3169208
2018,78913,3169307
2018,31984,3169356
2018,56546,3169406
2018,6698,3169505
2018,25253,3169604
2018,19797,3169703
2018,5008,3169802
2018,114265,3169901
2018,12466,3170008
2018,12449,3170057
2018,330361,3170107
2018,683247,3170206
2018,2626,3170305
2018,83808,3170404
2018,4325,3170438
2018,3267,3170479
2018,10371,3170503
2018,16547,3170529
2018,6491,3170578
2018,2158,3170602
2018,4987,3170651
2018,134477,3170701
2018,7071,3170750
2018,39173,3170800
2018,19335,3170909
2018,20537,3171006
2018,9265,3171030
2018,5712,3171071
2018,3951,3171105
2018,4832,3171154
2018,125376,3171204
2018,78286,3171303
2018,3629,3171402
2018,3227,3171501
2018,13764,3171600
2018,8685,3171709
2018,10537,3171808
2018,5420,3171907
2018,42149,3172004
2018,5243,3172103
2018,2558,3172202
